Title,Company,Location,Link,Job Description
,,"Hannover, Lower Saxony, Germany",https://de.linkedin.com/jobs/view/werkstudent-workflow-automatisierung-digital-transformation-all-genders-at-mtu-maintenance-hannover-4209958838?position=1&pageNum=0&refId=EOIVh85hX3k413NE0D6T2A%3D%3D&trackingId=G8ONwu3NJ3LEOX9hU%2FktUw%3D%3D,"About the job
#UPLIFTYOURFUTURE

Wir sind √ºber 12.000. An 19 Standorten weltweit. Jedes dritte Flugzeug fliegt mit unserer Technologie.

Immer effizienter, leiser, nachhaltiger. Wir gestalten die Zukunft der Luftfahrt. Was wir noch brauchen? Dich.

Unser Team in Hannover-Langenhagen sucht Dich:

Werkstudent Workflow-Automatisierung / Digital Transformation (all genders)

Wir gestalten die Digitale Transformation des globalen MRO-Gesch√§ftsbereiches innerhalb der MTU Aero Engine. Einen zentraler Eckpfeiler der Digitalen Transformation bildet die Automatisierung von manuellen Prozessen, um Effizienzsteigerungen zu realisieren.

STARKE AUFGABEN

Beratung der Fachbereiche hinsichtlich der technischen Umsetzbarkeit von Prozessautomatisierungen
Implementierung der Prozessautomatisierungen in enger Abstimmung mit Vertretern der Fachbereiche
Sicherstellung des fehlerfreien Betriebs der eigenen Prozessautomatisierungen
Implementierung des Workflows und der Algorithmen zur Datenanalyse und -bereitstellung
Betreuung bestehender Prozessautomatisierungen und deren Weiterentwicklung

BESTE VORAUSSETZUNGEN

Studium im Bereich der Informatik, Wirtschaftsinformatik, Wirtschaftswissenschaften, Elektrotechnik, Maschinenbau oder einer vergleichbaren Studienrichtung
Praktische Erfahrungen in der Entwicklung von Workflow-Automatisierungen / Robotic Process Automation (z.B. mit Power Automate, UiPath, BluePrism) sowie mit Programmiersprachen (z. B. Python, Java, C/C++, etc.) und Software-Engineering
Erste praktische Erfahrungen in den Bereichen Data Science, Data Analytics und/oder K√ºnstlicher Intelligenz w√ºnschenswert
Eigenst√§ndige und l√∂sungsorientierte Arbeitsweise
Team- und Kommunikationsf√§higkeit

Studentische T√§tigkeiten starten immer zum Beginn eines Monats.

AUSGEZEICHNETES UMFELD

Einblicke in die Luftfahrtbranche und Jobs mit Verantwortung
Teamspirit u.a. durch Studi-Netzwerk & Events
Mentoring und individuelle Betreuung
Flexible Arbeitszeitmodelle mit mobilem Arbeiten
Kantine und Snackautomaten
Kostenfreie Parkpl√§tze

STARTKLAR?

Dann gib Deiner Bewerbung Schub und schick uns Deine Unterlagen (Lebenslauf, Noten√ºbersicht der Hochschule, Schulabschlusszeugnis sowie eine aktuelle Immatrikulation) online. Gleich jetzt, gleich hier.

Wir freuen uns auf Dich!

Ihr:e Ansprechpartner:in im Personalbereich:

Luisa K√ºmmerle"
,,"Hannover, Lower Saxony, Germany",https://de.linkedin.com/jobs/view/werkstudent-in-research-m-w-d-ki-forschung-pflege-at-voize-4201641620?position=2&pageNum=0&refId=EOIVh85hX3k413NE0D6T2A%3D%3D&trackingId=qwC0BGB9%2FnBqeQyWwsOD2A%3D%3D,"About the job
üé§ Warum voize? Weil wir mehr als nur ein Job sind!

Bei voize revolutionieren wir die Pflegebranche mit KI: Mit voize sprechen Pflegekr√§fte ihre Dokumentation einfach ins Smartphone und unsere KI erstellt automatisch die richtigen Eintr√§ge. Das spart jeder Pflegekraft durchschnittlich 39 Minuten pro Tag, verbessert die Dokuqualit√§t und macht ihren Arbeitsalltag deutlich attraktiver.

voize ist YCombinator-funded, wird bereits in √ºber 600 Pflegeeinrichtungen eingesetzt und ist in den letzten 90 Tagen um 100 % gewachsen. Unsere Kunden sparen durch voize jedes Jahr √ºber 3,5 Millionen Stunden ‚Äì Zeit, die f√ºr Menschen statt Papierkram genutzt wird.

Doch das ist nur der Anfang. Mit unserer eigenentwickelten voize KI transformieren wir nicht nur den Pflegealltag, sondern haben auch das Potenzial, in zahlreichen anderen Branchen Mehrwert zu schaffen ‚Äì von Gesundheitswesen bis hin zu Inspektionen.

Als dynamisches Team vereinen wir cutting-edge Technologie mit sozialem Impact. Und jetzt kommst du ins Spiel!

üí° Deine Mission: Forschung f√∂rdern, Pflege st√§rken

Als Werkstudierende:r im Bereich Research Team (m/w/d)

ist es deine Aufgabe, Pflegekr√§fte in den Einrichtungen in ganz Deutschland zu begleiten, Daten zu erheben und die anschlie√üende Auswertung zu unterst√ºtzen.

üöÄ Dein Daily Business

Begleitung von Pflegefachkr√§ften in der station√§ren Pflege und Messung der erforderlichen Zeit f√ºr die Pflegedokumentation im Rahmen einer Time-Motion-Studie mit dem Ziel, die zeitliche Entlastung zu quantifizieren
Durchf√ºhrung von Nutzerbeobachtungen und Interviews vor Ort
Teilnahme an w√∂chentlichen Meetings und gemeinsamen voize Events
Bei Interesse Unterst√ºtzung bei der Datenanalyse mit R und Mitwirkung beim Verfassen von einem wissenschaftlichen Paper sowie von Berichten
Bei Interesse Unterst√ºtzung bei Literaturrecherchen

ü§ù Dein Skillset ‚Äì Was du mitbringst

Studienfach im Bereich Psychologie, Pflegewissenschaften, Digital Health, Medizin(-informatik), Public Health (oder vergleichbare Studieng√§nge)
Erfahrungen in der Pflege (Ausbildung, Praktika, FSJ etc)
Bereitschaft drei bis vier Stunden zu den Pflegeeinrichtungen zu reisen und dort ca. zwei Tage in Hotels zu √ºbernachten
Du bist an einer deutschen Hochschule eingeschrieben und kannst 20h pro Woche arbeiten

üéØ Unser Erfolgs-Mindset ‚Äì So ticken wir bei voize

Du sprichst flie√üend Deutsch (C1 oder besser) damit du dich problemlos mit unserem Team und Nutzer:innen austauschen kannst
Resilienz ist dein Ding ‚Äì Herausforderungen siehst du als Chancen, nicht als Hindernisse.
Iteratives Arbeiten liegt dir ‚Äì Du testest, lernst und optimierst st√§ndig, statt auf Perfektion zu warten
Du sch√§tzt offene Kommunikation und konstruktives Feedback ‚Äì und tr√§gst zu einer positiven Teamkultur bei

üå± Gemeinsam wachsen ‚Äì was dich bei voize erwartet

Wir bieten flexible Arbeitszeiten, denn du wei√üt am besten, wann du am liebsten arbeitest!
25 Tage Urlaub ‚Äì plus frei an deinem Geburtstag

‚ú® Ready to talk? Dann bewirb dich jetzt! üöÄ

Intro Call mit Team lead Data (30min) ‚Äì Ein lockerer Austausch √ºber dich, deine Motivation und voize
Expertise Deep Dive (45min) ‚Äì Wir sprechen mit dir √ºber dein Fachwissen und was du bei voize bewegen kannst gemeinsam mit einem weiteren Teammitglied

Wir freuen uns auf deine Bewerbung und darauf, dich kennenzulernen ‚Äì ganz gleich, wer du bist oder welchen Hintergrund du hast!"
,,"Hannover, Lower Saxony, Germany",https://de.linkedin.com/jobs/view/praktikum-%E2%80%93-entwicklung-einer-%C3%BCbersicht-f%C3%BCr-automatisierungsl%C3%B6sungen-ref82225u-at-continental-4214288505?position=6&pageNum=0&refId=EOIVh85hX3k413NE0D6T2A%3D%3D&trackingId=yRkQJVQjnbNUpwyGz9KwDg%3D%3D,"About the job
Unternehmensbeschreibung

Continental entwickelt wegweisende Technologien und Dienste f√ºr die nachhaltige und vernetzte Mobilit√§t der Menschen und ihrer G√ºter. Das 1871 gegr√ºndete Technologieunternehmen bietet sichere, effiziente, intelligente und erschwingliche L√∂sungen f√ºr Fahrzeuge, Maschinen, Verkehr und Transport. Continental erzielte 2024 einen Umsatz von 39,7 Milliarden Euro und besch√§ftigt aktuell rund 190.000 Mitarbeiterinnen und Mitarbeiter in 55 L√§ndern und M√§rkten.

Der Unternehmensbereich Tires steht mit seinem Premiumportfolio im Pkw-, Lkw-, Bus-, Zweirad- und Spezialreifensegment f√ºr innovative L√∂sungen in der Reifentechnologie. Intelligente Produkte und Services rund um den Reifen sowie zur F√∂rderung von Nachhaltigkeit runden das Produktportfolio ab.

F√ºr den Fachhandel und das Flottenmanagement bietet Tires digitale Reifen√ºberwachungs- und -managementsysteme sowie weitere Dienstleistungen an, um Flotten mobil zu halten und deren Effizienz zu erh√∂hen. Mit ihren Reifen leistet Continental einen wesentlichen Beitrag zu sicherer, effizienter und umweltfreundlicher Mobilit√§t.

Stellenbeschreibung

Die Abteilung Circularity & Innovative Technology ist aktiv in den Bereichen Circularity Machinery (Realisierung von Circular Economy f√ºr Reifen bzw. reifenbezogenes Material), Machine Intelligence (AI, Data Processing, AR/VR, Sensoric) und Manufacturing Technology Research & Robotics (Trendscouting, Kooperation mit Forschungseinheiten, Automatisierungsl√∂sungen). Des Weiteren ist Teil der Abteilung das Inno Lab, in dem Prototypen entwickelt, gebaut und getestet bzw. Trends untersucht werden.

Dort bieten wir zum Startzeitpunkt Juni 2025 ein spannendes Praktikum im Rahmen der Mitarbeit in unserem Team zur Zusammenstellung und Bewertung von Automatisierungsl√∂sungen in der Reifenfertigung f√ºr einen Zeitraum von mindestens 3 Monaten an. Im Anschluss besteht auch die M√∂glichkeit f√ºr eine Abschlussarbeit bei uns.

Zu den Aufgaben geh√∂ren:

Mitarbeit in unserem Team zur Zusammenstellung und Bewertung von Automatisierungsl√∂sungen in der Reifenfertigung
Unterst√ºtzung bei der Erstellung von ‚ÄûSurveys‚Äú f√ºr mehrere Werke
Kontaktaufnahme und Kommunikation mit anderen Werken bez√ºglich Erfahrungen mit bestimmten Automatisierungsl√∂sungen
Mitarbeit an der Erstellung einer Datenbank
Teilnahme und Mithilfe bei der Durchf√ºhrung einer Automatisierungs- und Roboter-Konferenz

Qualifikationen

Studierende (m/w/divers) der Fachrichtungen (Wirtschafts-)Ingenieurwesen, Maschinenbau, Elektrotechnik, Mechatronik oder vergleichbar
Idealerweise erste Erfahrungen im Bereich Industrielle Automatisierung
Sicherer Umgang mit den g√§ngigen MS Office-Anwendungen
Erste Erfahrungen mit CAD
Sehr gute Deutsch- und gute Englischkenntnisse in Wort und Schrift
Teamf√§higkeit, Kreativit√§t und Interesse an neuartigen technischen L√∂sungen
Ausgepr√§gte Kommunikationsf√§higkeiten sowie strukturierte Arbeitsweise
Belastbarkeit und Selbstorganisationsf√§higkeit

Bitte denk daran, deine aktuelle Immatrikulationsbescheinigung ebenso wie deinen aktuellen Notenspiegel und einen Auszug aus der aktuellen Studienordnung hinsichtlich Ableistung eines Pflichtpraktikums hochzuladen, da diese f√ºr die Bearbeitung Ihrer Bewerbung zwingend erforderlich sind!

Bitte reiche uns, sofern erforderlich, einen g√ºltigen Aufenthaltstitel sowie deine Arbeitsgenehmigung inklusive Zusatzblatt ein.

Die Bewerbungen von schwerbehinderten Menschen sind willkommen.

Zus√§tzliche Informationen

Unsere Standortvorteile f√ºr dich sind:

Attraktive Verg√ºtung 
Flexible Arbeitszeiten im Gleitzeitmodell
Eine hybride Arbeitsumgebung - mobiles Arbeiten oder vor Ort in Abh√§ngigkeit zur Teamorganisation und den Aufgaben
Qualifizierte Betreuung durch unsere Fachkr√§fte
Arbeitserfahrung in einem kreativen, intradisziplin√§ren und internationalen Umfeld 
Hohes Ma√ü an Eigenverantwortung und Gestaltungsspielraum
Chancen pers√∂nliche und professionelle Netzwerke zu erweitern
Gesundheitsorientierter Arbeitsplatz 

Wenn du mehr √ºber unseren Standort erfahren willst, besuche gerne unsere Standortseite: Continental / Hannover St√∂cken

Vielfalt, Inklusion und Zugeh√∂rigkeit sind uns wichtig und machen uns als Unternehmen stark und erfolgreich. Wir bieten allen Chancengleichheit ‚Äì unabh√§ngig von Alter, Geschlecht, Nationalit√§t, kultureller Herkunft, Behinderung, Religion, Weltanschauung oder sexueller Orientierung.

Sie wollen mit uns Gas geben? Starten Sie durch und bewerben Sie sich jetzt!"
,,"Hannover, Lower Saxony, Germany",https://de.linkedin.com/jobs/view/internship-development-of-an-automation-solutions-catalogue-ref82225u-at-continental-4214290452?position=7&pageNum=0&refId=EOIVh85hX3k413NE0D6T2A%3D%3D&trackingId=trupa%2BNGoqYiQmZU8gIwLQ%3D%3D,"About the job
Company Description

Continental develops pioneering technologies and services for sustainable and connected mobility of people and their goods. Founded in 1871, the technology company offers safe, efficient, intelligent and affordable solutions for vehicles, machines, traffic and transportation. In 2024, Continental generated preliminary sales of ‚Ç¨39.7 billion and currently employs around 190,000 people in 55 countries and markets.

Tire solutions from the Tires group sector make mobility safer, smarter, and more sustainable. Its premium portfolio encompasses car, truck, bus, two-wheel, and specialty tires as well as smart solutions and services for fleets and tire retailers. Continental has been delivering top performance for more than 150 years and is one of the world‚Äôs largest tire manufacturers. In fiscal 2023, the Tires group sector generated sales of 14 billion euros. Continental's tire division employs more than 56,000 people worldwide and has 20 production and 16 development sites.

The Industrial Engineering Department (Tires) at our location Hannover-St√∂cken is driving Manufacturing Efficiency and the Digital Transformation to achieve Operational Excellence.

Job Description

The Circularity & Innovative Technology department is active in the areas of Circularity Machinery (realisation of circular economy for tyres and tyre-related materials), Machine Intelligence (AI, data processing, AR/VR, Sonsoric) and Manufacturing Technology Research & Robotics (trend scouting, cooperation with research units, automation solutions). The department also includes the Inno Lab, where prototypes are developed, built and tested and trends are analysed and investigated.)

In this exciting environment, we offer an internship starting in June 2025. You will be part of our team for the compilation and evaluation of automation solutions in tire manufacturing for a period of at least 3 months. Afterwards, there is also the possibility of completing a thesis with us.

Tasks include:

Collaboration in our team for the compilation and evaluation of automation solutions in tire production
Support in the preparation of ‚Äòsurveys‚Äô to the plants
Contacting and communicating with plants regarding experiences with specific automation solutions
Assistance in developing a database
Providing support in organizing an automation and robotics conference

Qualifications

Students (m/f/diverse) in the fields of (industrial) engineering, mechanical engineering, electrical engineering, mechatronics, or similar
Ideally, first experiences in the field of industrial automation
Proficient in using common MS Office applications
First experiences with CAD
Very good German and good English skills, both written and spoken
Teamwork skills, creativity, and interest in innovative technical solutions
Strong communication skills and a structured way of working
Resilience and self-organization skills

Please attach your current certificate of enrollment and also your current transcripts of records and an extract of certificate for a mandatory internship. Those documents are mandatory for processing your application. If required, please submit your valid residence permit as well as your work permit including the additional sheet.

Applications from severely handicapped people are welcome.

Additional Information

Attractive remuneration 
Flexible working hours in the flexitime model
A hybrid work environment ‚Äì remote or on-site depending on team organization and tasks
Qualified support from our specialists
Work experience in a creative, interdisciplinary, and international environment
High degree of personal responsibility and creative freedom
Opportunities to expand personal and professional networks 
Health-oriented workplace

If you are interested to learn more about this specific Continental location, you are welcome to visite our location page: Continental / Hannover St√∂cken

Diversity, Inclusion & Belonging are important to us and make our company strong and successful. We offer equal opportunities to everyone - regardless of age, gender, nationality, cultural background, disability, religion, ideology or sexual orientation.

Ready to drive with Continental? Take the first step and fill in the online application."
,,"Hannover, Lower Saxony, Germany",https://de.linkedin.com/jobs/view/werkstudent-m-w-d-dokumentenmanagement-freileitungsbau-mit-schwerpunkt-standards-und-kommunikation-at-tennet-germany-4217132629?position=8&pageNum=0&refId=EOIVh85hX3k413NE0D6T2A%3D%3D&trackingId=BOrKhshuDgGt1mwCKjs5MA%3D%3D,"About the job
TenneT ist im Wachstum, um seine strategischen Ziele zu erreichen: Wir packen den Umbruch der Energieversorgung an. Wir machen Energiewende! Mach mit ‚Äì durch einen Job, der wirklich etwas bewegt! Wir suchen einen leidenschaftlichen Werkstudenten (m/w/d) Dokumentenmanagement Freileitungsbau (m/w/d) mit Schwerpunkt Standards und Kommunikation am Standort Lehrte oder Hannover, vielleicht bist Du das?

Dein Beitrag f√ºr TenneT

Du unterst√ºtzt unser Team bei der Kommunikation mit Baudienstleistern, Dokumentationsmanagement und dem Projektmanagement
Zu Deinen Aufgaben geh√∂rt die inhaltliche Recherche f√ºr die technische Dokumentation relevanter Normen und Richtlinien
Die Erarbeitung und Erstellung von Standards f√ºr die technische Dokumentation im Freileitungsbau geh√∂rt zu Deinen Aufgaben
Du wirkst bei der Kommunikation erarbeiteter Ergebnisse an die ausf√ºhrenden Stellen in den Projekten mit
Du unterst√ºtzt bei der Umsetzung erarbeiteter Ergebnisse und Standards an relevanten Stellen innerhalb der Projekte

Dein Profil

Die Stelle erfordert ein laufendes Hochschulstudium im Bereich Elektrotechnik, Bauingenieurwesen oder einem vergleichbaren technischen Studiengang
Idealerweise bringst Du erste Praxiserfahrung (Werkstudentent√§tigkeiten / Praktika) mit
Du bist sicher im Umgang mit MS Office - erste SAP-Kenntnisse sind w√ºnschenswert
Du verf√ºgst √ºber ein gutes sprachliches und schriftliches Ausdrucksverm√∂gen in Deutsch und Englisch
Eine strukturierte, selbstst√§ndige und verantwortungsvolle Arbeitsweise sowie Kontakt- und Teamf√§higkeit runden Dein Profil ab

Unser Recruiting Prozess

In nur wenigen Minuten kannst Du dich √ºber unser Online-Bewerbungsformular bewerben so lange die Stelle ver√∂ffentlicht ist. Wir sichten danach die Unterlagen und melden uns schnellstm√∂glich zur√ºck. Unser Auswahlverfahren besteht aus einem Interview.

F√ºr weitere Fragen zum Einstellungsprozess stehe ich gern zur Verf√ºgung:

Melisa Kacar

People Germany | Talent Acquisition Recruiting Support

futuretalents@tennet.eu

F√ºr Weitere Fachliche Fragen

Jonas Brauer

Asset Data & Documentation | Documentation Management

Jonas.Brauer@tennet.eu

Unsere Benefits

Wir sind flexibel und lebensnah

Wir verstehen, dass du ein gewisses Ma√ü an Flexibilit√§t brauchst, um deine studentischen Verpflichtungen mit einer T√§tigkeit bei uns vereinbaren zu k√∂nnen. Deshalb bieten wir dir flexible Arbeitszeiten von 6-19 Uhr ohne Kernarbeitszeit und die M√∂glichkeit von zu Hause aus zu arbeiten.

Gesundheit - Deine Basis

Gesunde und kosteng√ºnstige Ern√§hrung in unseren Betriebsrestaurants (an unseren Standorten Bayreuth und Lehrte)
Diverse Kursangebote im Unternehmen sowie Kostenbeteiligung f√ºr Sporteinrichtungen
Beratungsangebote und Gesundheitschecks durch unsere Betriebs√§rzte vor Ort
Infoveranstaltungen zu Pr√§ventionsma√ünahmen

Modernes Arbeitsumfeld im Campus Charakter

Moderne Arbeitsmittel
Ergonomische Arbeitspl√§tze
Sehr gut ausgestattete Konferenzr√§ume und Kommunikationsl√∂sungen, die die standort- und grenz√ºberschreitende Zusammenarbeit erm√∂glichen

Attraktive Verg√ºtung

Transparenz und Fairness sind f√ºr uns als Arbeitgeber unabdingbar. Dies gilt auch im Hinblick auf unsere Verg√ºtung. Diese betr√§gt f√ºr Werkstudierende 16,25‚Ç¨/Stunde. F√ºr Pflicht-/ sowie Freiwillige Praktika betr√§gt diese 2.093,00‚Ç¨/Monat.

Pers√∂nliche Entwicklung

Unser innovatives, internationales Umfeld bietet unseren Studierenden die M√∂glichkeit, sich durch zahlreiche interne Weiterbildungsvortr√§ge, Schulungen, Social Events zu entwickeln und sich abteilungs√ºbergreifend zu vernetzen.

Unsere Herausforderungen

Grid Field Operations Germany (GFG) ist f√ºr den Betrieb, die Instandhaltung und den Ausbau des deutschen Stromnetzes zust√§ndig und gew√§hrleistet so eine sichere Versorgung f√ºr unsere Endkunden und die Gesellschaft als Ganzes. Im Mittelpunkt unserer Mission steht das Ziel eines sicheren und zuverl√§ssigen Netzbetriebs in Verbindung mit einer zukunftsweisenden und effizienten Projektstrategie, die ‚Äì immer mit Blick in die Zukunft ‚Äì unter anderem durch die intensive Zusammenarbeit mit unserer Partner-Unit Large Projects Germany (LPG) gepr√§gt ist. So erf√ºllen wir mit mehr als 1.200 Mitarbeitenden unsere Aufgabe als zuverl√§ssiger und innovativer Betreiber des deutschen H√∂chstspannungsnetzes von TenneT. Vor dem Hintergrund einer verantwortungsvollen Budgetplanung hat in unserer t√§glichen Arbeit die Unversehrtheit von Menschen, Umwelt und unseren Verm√∂genswerten oberste Priorit√§t ‚Äì um ein Umfeld zu schaffen, in dem Sicherheit und Wohlbefinden bei all unseren Aktivit√§ten im Vordergrund stehen.

Zus√§tzliche Informationen

Ab 1. Juli 2025
Die w√∂chentliche Arbeitszeit betr√§gt 20 Stunden
Die Stelle ist auf 6 Monate befristet"
,,"Lehrte, Lower Saxony, Germany",https://de.linkedin.com/jobs/view/werkstudent-m-w-d-dokumentenmanagement-freileitungsbau-mit-schwerpunkt-standards-und-kommunikation-at-tennet-germany-4217131752?position=9&pageNum=0&refId=EOIVh85hX3k413NE0D6T2A%3D%3D&trackingId=CjnSTsB5byvYS8PUnD0fTw%3D%3D,"About the job
TenneT ist im Wachstum, um seine strategischen Ziele zu erreichen: Wir packen den Umbruch der Energieversorgung an. Wir machen Energiewende! Mach mit ‚Äì durch einen Job, der wirklich etwas bewegt! Wir suchen einen leidenschaftlichen Werkstudenten (m/w/d) Dokumentenmanagement Freileitungsbau (m/w/d) mit Schwerpunkt Standards und Kommunikation am Standort Lehrte oder Hannover, vielleicht bist Du das?

Dein Beitrag f√ºr TenneT

Du unterst√ºtzt unser Team bei der Kommunikation mit Baudienstleistern, Dokumentationsmanagement und dem Projektmanagement
Zu Deinen Aufgaben geh√∂rt die inhaltliche Recherche f√ºr die technische Dokumentation relevanter Normen und Richtlinien
Die Erarbeitung und Erstellung von Standards f√ºr die technische Dokumentation im Freileitungsbau geh√∂rt zu Deinen Aufgaben
Du wirkst bei der Kommunikation erarbeiteter Ergebnisse an die ausf√ºhrenden Stellen in den Projekten mit
Du unterst√ºtzt bei der Umsetzung erarbeiteter Ergebnisse und Standards an relevanten Stellen innerhalb der Projekte

Dein Profil

Die Stelle erfordert ein laufendes Hochschulstudium im Bereich Elektrotechnik, Bauingenieurwesen oder einem vergleichbaren technischen Studiengang
Idealerweise bringst Du erste Praxiserfahrung (Werkstudentent√§tigkeiten / Praktika) mit
Du bist sicher im Umgang mit MS Office - erste SAP-Kenntnisse sind w√ºnschenswert
Du verf√ºgst √ºber ein gutes sprachliches und schriftliches Ausdrucksverm√∂gen in Deutsch und Englisch
Eine strukturierte, selbstst√§ndige und verantwortungsvolle Arbeitsweise sowie Kontakt- und Teamf√§higkeit runden Dein Profil ab

Unser Recruiting Prozess

In nur wenigen Minuten kannst Du dich √ºber unser Online-Bewerbungsformular bewerben so lange die Stelle ver√∂ffentlicht ist. Wir sichten danach die Unterlagen und melden uns schnellstm√∂glich zur√ºck. Unser Auswahlverfahren besteht aus einem Interview.

F√ºr weitere Fragen zum Einstellungsprozess stehe ich gern zur Verf√ºgung:

Melisa Kacar

People Germany | Talent Acquisition Recruiting Support

futuretalents@tennet.eu

F√ºr Weitere Fachliche Fragen

Jonas Brauer

Asset Data & Documentation | Documentation Management

Jonas.Brauer@tennet.eu

Unsere Benefits

Wir sind flexibel und lebensnah

Wir verstehen, dass du ein gewisses Ma√ü an Flexibilit√§t brauchst, um deine studentischen Verpflichtungen mit einer T√§tigkeit bei uns vereinbaren zu k√∂nnen. Deshalb bieten wir dir flexible Arbeitszeiten von 6-19 Uhr ohne Kernarbeitszeit und die M√∂glichkeit von zu Hause aus zu arbeiten.

Gesundheit - Deine Basis

Gesunde und kosteng√ºnstige Ern√§hrung in unseren Betriebsrestaurants (an unseren Standorten Bayreuth und Lehrte)
Diverse Kursangebote im Unternehmen sowie Kostenbeteiligung f√ºr Sporteinrichtungen
Beratungsangebote und Gesundheitschecks durch unsere Betriebs√§rzte vor Ort
Infoveranstaltungen zu Pr√§ventionsma√ünahmen

Modernes Arbeitsumfeld im Campus Charakter

Moderne Arbeitsmittel
Ergonomische Arbeitspl√§tze
Sehr gut ausgestattete Konferenzr√§ume und Kommunikationsl√∂sungen, die die standort- und grenz√ºberschreitende Zusammenarbeit erm√∂glichen

Attraktive Verg√ºtung

Transparenz und Fairness sind f√ºr uns als Arbeitgeber unabdingbar. Dies gilt auch im Hinblick auf unsere Verg√ºtung. Diese betr√§gt f√ºr Werkstudierende 16,25‚Ç¨/Stunde. F√ºr Pflicht-/ sowie Freiwillige Praktika betr√§gt diese 2.093,00‚Ç¨/Monat.

Pers√∂nliche Entwicklung

Unser innovatives, internationales Umfeld bietet unseren Studierenden die M√∂glichkeit, sich durch zahlreiche interne Weiterbildungsvortr√§ge, Schulungen, Social Events zu entwickeln und sich abteilungs√ºbergreifend zu vernetzen.

Unsere Herausforderungen

Grid Field Operations Germany (GFG) ist f√ºr den Betrieb, die Instandhaltung und den Ausbau des deutschen Stromnetzes zust√§ndig und gew√§hrleistet so eine sichere Versorgung f√ºr unsere Endkunden und die Gesellschaft als Ganzes. Im Mittelpunkt unserer Mission steht das Ziel eines sicheren und zuverl√§ssigen Netzbetriebs in Verbindung mit einer zukunftsweisenden und effizienten Projektstrategie, die ‚Äì immer mit Blick in die Zukunft ‚Äì unter anderem durch die intensive Zusammenarbeit mit unserer Partner-Unit Large Projects Germany (LPG) gepr√§gt ist. So erf√ºllen wir mit mehr als 1.200 Mitarbeitenden unsere Aufgabe als zuverl√§ssiger und innovativer Betreiber des deutschen H√∂chstspannungsnetzes von TenneT. Vor dem Hintergrund einer verantwortungsvollen Budgetplanung hat in unserer t√§glichen Arbeit die Unversehrtheit von Menschen, Umwelt und unseren Verm√∂genswerten oberste Priorit√§t ‚Äì um ein Umfeld zu schaffen, in dem Sicherheit und Wohlbefinden bei all unseren Aktivit√§ten im Vordergrund stehen.

Zus√§tzliche Informationen

Ab 1. Juli 2025
Die w√∂chentliche Arbeitszeit betr√§gt 20 Stunden
Die Stelle ist auf 6 Monate befristet"
,,"Lehrte, Lower Saxony, Germany",https://de.linkedin.com/jobs/view/werkstudent-statik-im-bereich-bau-m-w-d-at-tennet-germany-4201426139?position=10&pageNum=0&refId=EOIVh85hX3k413NE0D6T2A%3D%3D&trackingId=mXcDbBd4KepIe18choDkrw%3D%3D,"About the job
TenneT ist im Wachstum, um seine strategischen Ziele zu erreichen: Wir packen den Umbruch der Energieversorgung an. Wir machen Energiewende! Mach mit ‚Äì durch einen Job, der wirklich etwas bewegt! Wir suchen einen leidenschaftlichen Werkstudenten Statik im Bereich Bau (m/w/d) am Standort Bayreuth oder Lehrte bei Hannover und im Homeoffice, vielleicht bist Du das?

Dein Beitrag f√ºr TenneT

Du unterst√ºtzt die statische Bewertung von Umbauma√ünahmen in Umspannwerken 
Du erstellst statische Berechnungen von bestehenden Stahlbetonfundamenten unter ver√§nderten Belastungssituationen 
Du interpretierst bestehende statische Berechnungen im Hinblick auf Lastreserven 

Dein Profil

Die Stelle erfordert ein laufendes Hochschulstudium der Fachrichtung Bauingenieurwesen oder vergleichbar 
Du bist sicher im Umgang mit MS-Office 
Idealerweise hast du bereits Erfahrungen im Umgang mit g√§ngiger Ingenieursoftware und bringst erste Praxiserfahrungen (Werkstudentent√§tigkeit/ Praktika) mit 
Du verf√ºgst √ºber gute Deutschkenntnisse in Wort und Schrift 
Eine strukturierte, selbstst√§ndige und verantwortungsvolle Arbeitsweise sowie Kontakt- und Teamf√§higkeit runden Dein Profil ab 

Unser Recruiting Prozess

In nur wenigen Minuten kannst Du dich √ºber unser Online-Bewerbungsformular bewerben so lange die Stelle ver√∂ffentlicht ist. Wir sichten danach die Unterlagen und melden uns schnellstm√∂glich zur√ºck. Unser Auswahlverfahren besteht aus einem Interview.

F√ºr weitere Fragen zum Einstellungsprozess stehe ich gern zur Verf√ºgung:

Melisa Kacar

People Germany | Talent Acquisition Recruiting Support

futuretalents@tennet.eu

F√ºr Weitere Fachliche Fragen

Sascha Wodarczyk

Asset Data & Documentation | Primary Construction

sascha.wodarczyk@tennet.eu

Unsere Benefits

Wir sind flexibel und lebensnah

Wir verstehen, dass du ein gewisses Ma√ü an Flexibilit√§t brauchst, um deine studentischen Verpflichtungen mit einer T√§tigkeit bei uns vereinbaren zu k√∂nnen. Deshalb bieten wir dir flexible Arbeitszeiten von 6-19 Uhr ohne Kernarbeitszeit und die M√∂glichkeit von zu Hause aus zu arbeiten.

Gesundheit - Deine Basis

Gesunde und kosteng√ºnstige Ern√§hrung in unseren Betriebsrestaurants (an unseren Standorten Bayreuth und Lehrte)
Diverse Kursangebote im Unternehmen sowie Kostenbeteiligung f√ºr Sporteinrichtungen
Beratungsangebote und Gesundheitschecks durch unsere Betriebs√§rzte vor Ort
Infoveranstaltungen zu Pr√§ventionsma√ünahmen

Modernes Arbeitsumfeld im Campus Charakter

Moderne Arbeitsmittel
Ergonomische Arbeitspl√§tze
Sehr gut ausgestattete Konferenzr√§ume und Kommunikationsl√∂sungen, die die standort- und grenz√ºberschreitende Zusammenarbeit erm√∂glichen

Attraktive Verg√ºtung

Transparenz und Fairness sind f√ºr uns als Arbeitgeber unabdingbar. Dies gilt auch im Hinblick auf unsere Verg√ºtung. Diese betr√§gt f√ºr Werkstudierende 16,25‚Ç¨/Stunde. F√ºr Pflicht-/ sowie Freiwillige Praktika betr√§gt diese 2.093,00‚Ç¨/Monat.

Pers√∂nliche Entwicklung

Unser innovatives, internationales Umfeld bietet unseren Studierenden die M√∂glichkeit, sich durch zahlreiche interne Weiterbildungsvortr√§ge, Schulungen, Social Events zu entwickeln und sich abteilungs√ºbergreifend zu vernetzen.

Unsere Herausforderungen

Grid Field Operations Germany (GFG) ist f√ºr den Betrieb, die Instandhaltung und den Ausbau des deutschen Stromnetzes zust√§ndig und gew√§hrleistet so eine sichere Versorgung f√ºr unsere Endkunden und die Gesellschaft als Ganzes. Im Mittelpunkt unserer Mission steht das Ziel eines sicheren und zuverl√§ssigen Netzbetriebs in Verbindung mit einer zukunftsweisenden und effizienten Projektstrategie, die ‚Äì immer mit Blick in die Zukunft ‚Äì unter anderem durch die intensive Zusammenarbeit mit unserer Partner-Unit Large Projects Germany (LPG) gepr√§gt ist. So erf√ºllen wir mit mehr als 1.200 Mitarbeitenden unsere Aufgabe als zuverl√§ssiger und innovativer Betreiber des deutschen H√∂chstspannungsnetzes von TenneT. Vor dem Hintergrund einer verantwortungsvollen Budgetplanung hat in unserer t√§glichen Arbeit die Unversehrtheit von Menschen, Umwelt und unseren Verm√∂genswerten oberste Priorit√§t ‚Äì um ein Umfeld zu schaffen, in dem Sicherheit und Wohlbefinden bei all unseren Aktivit√§ten im Vordergrund stehen.

Zus√§tzliche Informationen

Ab 1. Juli 2025
Die w√∂chentliche Arbeitszeit betr√§gt 20 Stunden
Die Stelle ist auf 12 Monate befristet"
,,"Hannover, Lower Saxony, Germany",https://de.linkedin.com/jobs/view/werkstudent-data-science-m-w-d-at-wertgarantie-group-4198332977?position=11&pageNum=0&refId=EOIVh85hX3k413NE0D6T2A%3D%3D&trackingId=xAEazem3TKKrj6pJ94WyBw%3D%3D,"About the job
Begeisternd ‚Äì Deine zuk√ºnftigen Aufgaben:
Entdecke die faszinierende Welt der Business Analytics und Data Science! Wenn du dich leidenschaftlich f√ºr K√ºnstliche Intelligenz (KI), maschinelles Lernen und Data Science begeisterst und innovative L√∂sungen zur Umsetzung unserer Datenstrategie entwickeln m√∂chtest, dann hei√üen wir dich herzlich willkommen. Wir laden dich ein, Teil unseres dynamischen Teams zu werden! In unserem strategischen Bereich meistern wir die Herausforderungen der Ver√§nderung ‚Äì sei es durch Digitalisierung, den Einsatz von KI, die Optimierung von Leistungen oder die Einf√ºhrung innovativer Reporting- und Analytics-Umgebungen. Mit herausragendem Know-how im Umgang mit Daten und modernsten Data Science-Methoden unterst√ºtzen wir unsere Stakeholder auf dem Weg in eine fortschrittliche Zukunft.

Unterst√ºtzung bei der Entwicklung und Umsetzung von Use Cases zur Anwendung und Implementierung von Machine Learning-Modellen in Zusammenarbeit mit unseren Data Scientists, Data Analysts und Datawarehouse-Entwicklern
Mitarbeit beim Aufbau von Reporting-L√∂sungen (Standard-Reporting, Ad-hoc-Analysen, Dashboards, deskriptive Analysen)
Recherche zu aktuellen Trends rund um K√ºnstliche Intelligenz, Data Science, Machine Learning sowie deren m√∂gliche Anwendung im Unternehmen

√úberzeugend ‚Äì Dein heutiges Profil:
Du bist immatrikulierter Student (m/w/d) im Bereich (Wirtschafts-)Informatik, Mathematik, Statistik oder eines thematisch verwandten Studiengangs
Erste Erfahrungen mit Data Science-Methoden, Machine Learning-Modellen und Datenanalysen sind von Vorteil
Du verf√ºgst √ºber Kenntnisse in der Programmiersprache Python sowie in SQL f√ºr Datenbankabfragen
Teamf√§higkeit, Eigeninitiative sowie eine l√∂sungs- und serviceorientierte Arbeitsweise zeichnen dich aus
Du besitzt sehr gute Deutschkenntnisse (min. C1- Niveau) und eine ausgepr√§gte Kommunikationsst√§rke

Wertsch√§tzend ‚Äì Gute Gr√ºnde f√ºr die WERTGARANTIE Group:
Wertsch√§tzung
Jahresabschlussfeier, Betriebsfest, Jubil√§umsfeier, Geburtstag: Wir nutzen jede Gelegenheit, um gemeinsam unsere kleinen und gro√üen Erfolge zu feiern. Einer der gr√∂√üten Unterschiede zwischen uns und anderen Unternehmen ist der pers√∂nliche Umgang miteinander.

Ausstattung
Mobiles Arbeiten ist nach Absprache m√∂glich ‚Äì daf√ºr bekommst du das technische Equipment bereitgestellt. Auch vor Ort findest du moderne B√ºror√§ume mit der notwendigen technischen Ausstattung und h√∂henverstellbaren Schreibtischen. Wir sitzen direkt am Aegi und haben eine ausgezeichnete Anbindung an √∂ffentliche Verkehrsmittel.

Gesundheit & Sport
Hansefit, Bowling, Laufgruppen, Massagen oder Grippeschutzimpfungen ‚Äì wir st√§rken dich und deine Gesundheit.

Verpflegung
Unsere Getr√§nkeauswahl (Kaffee, Tee, Wasser) sowie unser Bio-Obst und -Gem√ºse stehen dir jederzeit zur Verf√ºgung.

Mitarbeiterrabatt
M√∂chtest du einen WERTGARANTIE Komplett- oder Diebstahlschutz f√ºr deine elektronischen Ger√§te abschlie√üen, bekommst du diesen zu Sonderkonditionen."
,,"Langenhagen, Lower Saxony, Germany",https://de.linkedin.com/jobs/view/werkstudent-data-science-business-analytics-all-genders-at-mtu-maintenance-4033166382?position=12&pageNum=0&refId=EOIVh85hX3k413NE0D6T2A%3D%3D&trackingId=HK9vhBBtHm9t9VEUA97crw%3D%3D,"About the job
#UPLIFTYOURFUTURE

Wir sind √ºber 12.000. An 19 Standorten weltweit. Jedes dritte Flugzeug fliegt mit unserer Technologie.

Immer effizienter, leiser, nachhaltiger. Wir gestalten die Zukunft der Luftfahrt. Was wir noch brauchen? Dich.

Unser Team in Hannover-Langenhagen sucht Dich:

Werkstudent Data Science - Business Analytics (all genders) 

STARKE AUFGABEN

Mitarbeit bei der Entwicklung und Umsetzung von abteilungsinternen und -√ºbergreifenden Projekten
Unterst√ºtzung bei der Dokumentation von Abl√§ufen und Prozessen im IT-Bereich
Entwicklung von IT-Anwendungen und -Methoden
Durchf√ºhrung von Auswertungen und Analysen
Programmieren in Python, SQL und VBA 


BESTE VORAUSSETZUNGEN

Studium im Bereich Informatik, Wirtschaftsinformatik, Informationsmanagement, Wirtschaftsingenieurwesen, Maschinenbau oder einer vergleichbaren Studienrichtung
Programmierkenntnisse in Python, VBA und SQL erforderlich
Sehr gute Kenntnisse in MS Office
Sehr gute Englischkenntnisse von Vorteil
Teamf√§higkeit, Eigeninitiative sowie eine l√∂sungs- und serviceorientierte Arbeitsweise
Methodenkompetenz und analytisches Denkverm√∂gen


Studentische T√§tigkeiten starten immer zum Beginn eines Monats.

AUSGEZEICHNETES UMFELD

Einblicke in die Luftfahrtbranche und Jobs mit Verantwortung
Teamspirit u.a. durch Studi-Netzwerk & Events
Mentoring und individuelle Betreuung
Flexible Arbeitszeitmodelle mit mobilem Arbeiten
Kantine und Snackautomaten
Kostenfreie Parkpl√§tze


STARTKLAR?

Dann gib Deiner Bewerbung Schub und schick uns Deine Unterlagen (Lebenslauf, Noten√ºbersicht der Hochschule, Schulabschlusszeugnis sowie eine aktuelle Immatrikulation) online. Gleich jetzt, gleich hier.

Wir freuen uns auf Dich!

Ihr:e Ansprechpartner:in im Personalbereich:

Luisa K√ºmmerle"
,,"Hannover, Lower Saxony, Germany",https://de.linkedin.com/jobs/view/corporate-academy-student-m-w-d-business-intelligence-data-warehousing-at-scalefree-4219714355?position=18&pageNum=0&refId=EOIVh85hX3k413NE0D6T2A%3D%3D&trackingId=l%2FcRrRkHgEZuwGlkCIICrQ%3D%3D,"About the job
Dein Weg zu Scalefree
Du hast Lust, Dein bereits erlerntes Wissen aus der Uni weiter zu vertiefen und in Projekten praktisch anzuwenden? Dein Studium ist noch Dein Hauptfokus, aber Du willst trotzdem schon erste Erfahrungen im Berufsleben machen und etwas Geld verdienen? Dann ist ein studienbegleitendes Lernkonzept genau das richtige f√ºr Dich. 

Unser Programm f√ºr den Bereich Business Intelligence & Data Warehousing geht √ºber 6 Monate und umfasst 10 Wochenstunden. Es beginnt 2-mal im Jahr zum 01.03. und 01.09. und findet vor Ort in unserem B√ºro in Hannover statt. Au√üerdem erh√§ltst Du ein Festgehalt von 556 Euro.

Du kannst Dich das gesamte Jahr f√ºr den n√§chstm√∂glich Starttermin bewerben.

Deine Aufgaben
Du durchl√§ufst ein 6-monatiges Programm mit verschiedenen Abschnitten, welche sowohl in der Theorie als auch in praktischen Projekten umgesetzt werden. Zu Beginn erh√§ltst Du ein intensives Onboarding und erste Schulungen, wie z.B. der Umgang mit EDWs, Data Vault 2.0, AWS Foundational Trainings oder dbt. W√§hrend Deines Trainings hast Du die M√∂glichkeit auch entsprechende Zertifizierungen zu den Schulungen zu absolvieren.

Nach der ersten Trainingsphase geht es in die sogenannte Teamphase, wo die Schwerpunkte auf die Themen DataLake, Data Vault 2.0 im Projekt sowie Reporting & Dashboarding liegen. F√ºr jeden Bereich setzt Du zusammen mit anderen Teilnehmer auf der Grundlage der Theorie ein praktisches reales Projekt um und stellst Eure Ergebnisse im Rahmen eines Projektabschlusses vor.

Bei erfolgreichem Abschluss der Projekte erh√§ltst Du ein Zertifikat unserer internen Corporate Scalefree Academy sowie die M√∂glichkeit einer Weiterbesch√§ftigung bei Scalefree International als Werkstudent, Praktikant oder gleich als Consultant, je nachdem wo Du gerade in Deine Studienlaufbahn stehst. 

Das bringst Du mit

Laufendes Studium der Wirtschaftsinformatik, Informatik oder eines vergleichbaren Studiengangs

Grundlagen in Datenbanken und SQL Kenntnisse

Erste Erfahrungen mit einer objektorientierten Programmiersprache, z.B. Python, Java oder JavaScript

Grundlagen in einem der folgenden Bereiche sollten vorhanden sein: Data Warehousing, Data Analytics, Data Science oder Business Intelligence

Gute Englisch- und Deutschkenntnisse erw√ºnscht


Was Dich bei uns erwartet?

Enorme pers√∂nliche Entwicklungsm√∂glichkeiten innerhalb k√ºrzester Zeit mit der m√∂glichen Option auf einen sp√§teren Einstieg

Zertifizierungen und Trainings im Wert von mehreren tausend Euro

Einen Teamgeist, der von einem kollegialen Miteinander gepr√§gt ist

Modernes Equipment und ein top ausgestattetes B√ºro"
,,"Hannover, Lower Saxony, Germany",https://de.linkedin.com/jobs/view/werkstudent-praktikant-data-analytics-m-w-d-in-hannover-at-deloitte-3599956668?position=19&pageNum=0&refId=EOIVh85hX3k413NE0D6T2A%3D%3D&trackingId=3BCeNIYLvPscUWZ7x68qJQ%3D%3D,"About the job
Du machst den Unterschied. Ob im Business Audit & Assurance, Risk Advisory, Tax & Legal, Financial Advisory oder Consulting: Wir bei Deloitte unterst√ºtzen unsere weltweiten Mandanten dabei, sich kontinuierlich weiterzuentwickeln. Entdecke ein vielf√§ltiges Arbeitsumfeld, das st√§ndig in Bewegung ist und immer um ein Zentrum kreist: dich und dein Know-how. What impact will you make?

Du willst im Bereich Risk Advisory - IT & Specialized Assurance (Industry) bei abwechslungsreichen und spannenden IT-Projekten dabei sein? Unser Team stellt die Verl√§sslichkeit der IT- und Transformationsprozesse durch Pr√ºfung und Beratung sicher und schafft damit Vertrauen in die zugrundeliegenden IT-Prozesse und -Systeme. Sichere unseren gemeinsamen Erfolg und mach mit uns den Unterschied: als Werkstudent / Praktikant Data Analytics (m/w/d). 

Standorte: Berlin, D√ºsseldorf, Frankfurt (Main), Hamburg, Hannover, K√∂ln, Mannheim, M√ºnchen, N√ºrnberg und Stuttgart.

Dein Impact:

Als Werkstudent / Praktikant Data Analytics (m/w/d) bringst du dich in eine gro√üe Bandbreite spannender Themen ein ‚Äì von Risikomanagement und IT-Pr√ºfungen √ºber Prozessoptimierung und Treasury Management bis hin zu digitaler Transformation, Prozess√ºberwachung oder der bilanziellen Abbildung von Finanzinstrumenten.

Analysen: Du unterst√ºtzt unser Team bei der Erarbeitung und Durchf√ºhrung anspruchsvoller Datenanalysen. 
Hands-on-Einstieg: Dabei f√ºhrst du selbstst√§ndig Auswertungen durch. 
Konzepte: Auch bei der Ausarbeitung von L√∂sungskonzepten stehst du uns tatkr√§ftig zur Seite. 
Teamwork: Schnell wirst du dabei zum festen Teil eines multidisziplin√§ren Teams. 

Dein Skillset:

Student:in eines Studiengangs mit wirtschaftswissenschaftlicher bzw. informationstechnischer Ausrichtung 
Gutes Verst√§ndnis betriebswirtschaftlicher Zusammenh√§nge 
Ausgepr√§gter Teamgeist und Spa√ü an komplexen Aufgaben 
Hohe Kommunikationsst√§rke sowie Deutsch und Englisch sehr gut in Wort und Schrift 

Deine Chance:

Echte Verantwortung f√ºr eigene Aufgabenpakete innerhalb unserer Projekte, die du selbst√§ndig bearbeitest
Pers√∂nliche:r Mentor:in in deinem Team, der/die dir mit Rat und Tat zur Seite steht und dich mit umfassendem Know-how unterst√ºtzt
Ein chancenreiches und internationales Umfeld, das dir einmalige Einblicke in die Arbeit des weltweit gr√∂√üten Pr√ºfungs- und Beratungsunternehmens bietet
Work-Life-Balance in einem innovativen Unternehmensumfeld, das dir Gesundheitstage, Mitarbeiter:innen-Events und vieles mehr bietet
Bereichs√ºbergreifendes Networking im Deloitte Student Network mit exklusiven Vortr√§gen und regelm√§√üigem Austausch beim Praktikant:innen-Stammtisch
Vielf√§ltige Gestaltungsspielr√§ume und aktive F√∂rderung einer inklusiven Unternehmenskultur ‚Äì u. a. durch unsere Diversity & Inclusion Mitarbeiter:innen-Netzwerke

Bist du bereit? Mach mit uns den Unterschied!

Unser Recruiting-Team freut sich auf deine Bewerbungsunterlagen (CV sowie Abitur-, Hochschul- und Arbeitszeugnisse) √ºber unser Online-Formular. Ein Anschreiben und ein Bewerbungsfoto sind bei uns nicht erforderlich.

Gleiche Chancen f√ºr alle: Wir freuen uns √ºber Bewerbungen von Menschen, die so vielf√§ltig sind wie wir ‚Äì unabh√§ngig von Alter, Behinderung, ethnischer Herkunft und Nationalit√§t, Geschlecht, Religion, sexueller Orientierung oder sozialer Herkunft. Noch Fragen? Alle Infos zu unserem Bewerbungsprozess findest du in unseren Bewerbungs-FAQs.

Job-ID: 16521"
